0,1,2,3,4,5,6,7,8,9,10,11,12,13,14,15,16,17,18,19,20,21,22,23,24,25,26,27,28,29,30,31,32,33,34,35,36,37,38,39,40,41,42,43,44,45,46,47,48,49,50,51,52,53,54,55,56,57,58,59,60,61,62,63,64,65,66,67,68,69,70,71,72,73,74,75,76,77,78,79,80,81,82,83,84,85,86,87,88,89,90,91,92,93,94,95,96,97,98,99,100,101,102,103,104,105,106,107,108,109,110,111,112,113,114,115,116,117,118
0.004755765,0.0047456515,0.004757058,0.0047661294,0.0048434827,0.0047822883,0.008428283,0.0056517953,0.004841769,0.004738517,0.005036799,0.0047451193,0.0047760545,0.004750439,0.0047421535,0.004751085,0.0047307764,0.004747139,0.0049594664,0.0047281547,0.004748798,0.00473163,0.0048476723,0.0048619076,0.0053983126,0.013268508,0.0056805224,0.0058832825,0.0047527817,0.0047437404,0.029979965,0.0048155864,0.004751284,0.004745146,0.0047319224,0.02900862,0.0047968933,0.0056217904,0.012522063,0.0047995783,0.004826373,0.01668731,0.00473022,0.027973177,0.008033936,0.02478736,0.004738802,0.005240611,0.004735545,0.00931713,0.004755197,0.032361742,0.0063436823,0.0052942545,0.027267085,0.004732106,0.03435762,0.004770019,0.004732704,0.0047647343,0.0048610745,0.030349927,0.004795126,0.00472916,0.004730144,0.0047515207,0.020372238,0.00473196,0.004755464,0.0047440906,0.0059746713,0.004727868,0.0047329627,0.0047536283,0.004760541,0.005139265,0.0047307555,0.0048070857,0.0048720227,0.0047484497,0.007888727,0.004759414,0.010505935,0.018255278,0.0047483416,0.0047594993,0.011782512,0.0047286064,0.004756875,0.03210031,0.0047845375,0.0047829477,0.0048753503,0.0051912745,0.00480671,0.029249387,0.004750046,0.004728189,0.0083007105,0.033079173,0.0047749574,0.004740199,0.007464768,0.034784112,0.0047649923,0.020037532,0.004793851,0.004754638,0.0047337986,0.007578566,0.00476281,0.005003566,0.0047582965,0.010454571,0.004729735,0.0051525664,0.004735233,0.0049261274,0.004730342
0.0051177046,0.0051633366,0.005265977,0.0051709544,0.0054125814,0.005250201,0.006491052,0.0052479147,0.0053053503,0.005220926,0.0064487583,0.0052012163,0.005479716,0.005131099,0.0051113083,0.0051699285,0.0050370493,0.0052612345,0.0053411284,0.0050158384,0.005179597,0.0050284555,0.0057212976,0.0061619864,0.0053881384,0.02331581,0.009597505,0.010127502,0.0052581322,0.00562307,0.012453251,0.005060129,0.0050541973,0.0050696125,0.0050307256,0.0068595307,0.0051814513,0.008219077,0.015493397,0.00549001,0.005141918,0.02053976,0.0050497167,0.026332058,0.008111188,0.009096022,0.005092733,0.005906998,0.0050704814,0.005797742,0.0051453104,0.025575567,0.017912297,0.0074981716,0.02773109,0.005056782,0.034721896,0.0051780073,0.005107936,0.005117121,0.005292869,0.030740304,0.0050963587,0.0050303033,0.005031314,0.0051068836,0.012957804,0.005102235,0.0051189214,0.0051126704,0.0058485423,0.0050132484,0.0050408854,0.005323254,0.00513167,0.0051844204,0.0050330614,0.005258316,0.0055536753,0.0051303,0.005369131,0.0051315906,0.005755851,0.010500137,0.0051556784,0.005202742,0.030751722,0.0050264774,0.0054076575,0.03526859,0.005039716,0.005114598,0.0050891642,0.0059162253,0.005551025,0.021706915,0.0051716072,0.0050476175,0.019748418,0.028711706,0.005263301,0.0050835195,0.005659096,0.031698193,0.00525382,0.0066898386,0.0051986924,0.00533183,0.0050654635,0.005076277,0.0051299357,0.010308706,0.0051573194,0.01701046,0.005022029,0.0056464695,0.0050429413,0.006184194,0.0050653275
0.004675745,0.004670365,0.004677167,0.004720124,0.0048631732,0.0046789492,0.0073608044,0.005192281,0.0047258767,0.0046632197,0.00480742,0.004670704,0.0046872674,0.004658092,0.004671638,0.0046598,0.004652022,0.0046835644,0.004726448,0.0046507046,0.0046809344,0.004651517,0.0047400678,0.0048903604,0.0053889225,0.019106768,0.004933325,0.005860024,0.0046868282,0.0046758438,0.025913708,0.0047219503,0.0046784463,0.0046576723,0.0046520433,0.024346504,0.0046933233,0.0063806707,0.015798185,0.0047191805,0.004733726,0.011654536,0.004654282,0.02644006,0.009320728,0.025554776,0.0046654427,0.004809728,0.004666066,0.0065548294,0.0046799364,0.032601263,0.006674348,0.0053835926,0.02658625,0.004659684,0.034022905,0.0047342866,0.0046620322,0.0047071734,0.0048019774,0.028699392,0.004693345,0.0046513136,0.004652384,0.004666501,0.015679114,0.004653797,0.0047148014,0.0046645016,0.005982647,0.00465027,0.0046524084,0.0046710647,0.0046782843,0.004789564,0.0046530967,0.004724644,0.0048351027,0.0046768114,0.012277033,0.0046681655,0.014791263,0.01918517,0.004686967,0.004702131,0.015543931,0.0046502575,0.0046908394,0.032643016,0.0046809576,0.0046819844,0.0048062033,0.0051103397,0.0047027003,0.03129351,0.0046932637,0.004650273,0.008274551,0.033054207,0.0046935333,0.0046580774,0.009915093,0.034112643,0.004692845,0.024897128,0.004725012,0.004664407,0.004659751,0.009179409,0.004667352,0.0050415895,0.004678094,0.008594266,0.0046510603,0.004930089,0.0046579777,0.004914726,0.004651879
0.004817907,0.0048179673,0.0048291567,0.004817757,0.004869238,0.0048314044,0.0051876237,0.0049868273,0.00485039,0.0048199818,0.0051709455,0.0048156613,0.004826419,0.0048183645,0.0048144343,0.0048310906,0.0048111863,0.004862254,0.0048690517,0.0048082164,0.0048417808,0.0048092543,0.0049017384,0.0050122435,0.0052223713,0.02303738,0.0056637875,0.0068499567,0.0048348308,0.0048313434,0.029483082,0.004846171,0.0048125936,0.0048166323,0.0048091123,0.008293572,0.0048612193,0.0059852293,0.015342091,0.004932463,0.00484903,0.029140778,0.004809202,0.030278662,0.006347837,0.012872137,0.004819743,0.00507315,0.004812855,0.00597915,0.004830687,0.033045456,0.0084066475,0.0057864315,0.030789087,0.0048109344,0.035259858,0.004852663,0.004816443,0.0048270263,0.004947698,0.033438817,0.004829452,0.0048086043,0.004809374,0.0048166406,0.019800665,0.004810724,0.0048237178,0.0048146546,0.005232023,0.0048080403,0.004808783,0.00484691,0.0048247944,0.004936048,0.0048103994,0.004854466,0.0049235816,0.0048133484,0.00518003,0.004828956,0.005472159,0.021104459,0.0048196735,0.004852051,0.027789004,0.004808267,0.004830314,0.034485567,0.0048143067,0.0048413156,0.00483681,0.0049720374,0.004852171,0.02723665,0.0048290603,0.0048093097,0.013033132,0.032378808,0.0048557683,0.004812816,0.0064682416,0.034700483,0.004832248,0.009268556,0.004924094,0.004821197,0.0048116054,0.0048848004,0.004815285,0.0051081814,0.004822208,0.008604845,0.004808951,0.005171251,0.004809198,0.0050867763,0.0048101433
0.004961073,0.005007649,0.0049621416,0.004931864,0.0052958825,0.0049667517,0.0057112486,0.0053955703,0.0051808716,0.0049076728,0.0055363476,0.00490673,0.005180351,0.0050197016,0.0049922783,0.004921247,0.0049223383,0.005047575,0.005104044,0.004878375,0.0050454056,0.0048836605,0.004980792,0.0052453955,0.0068959105,0.017152565,0.007771598,0.0054253973,0.004928468,0.005101552,0.018910494,0.005288182,0.0050056684,0.004930298,0.004898305,0.026505673,0.0051087686,0.0071979477,0.02102969,0.005144624,0.0051562395,0.017782975,0.0049182232,0.014551915,0.014393822,0.013545625,0.004939951,0.005203446,0.004940141,0.0073370417,0.0049227956,0.03082373,0.0123892715,0.0075172577,0.021593401,0.004921793,0.035098337,0.0057058893,0.005014619,0.00510663,0.0052980417,0.030915286,0.0050092037,0.0048804204,0.004869756,0.004997954,0.017760482,0.00490642,0.0050073224,0.0050073457,0.005064929,0.004862619,0.00505081,0.0049749413,0.005007478,0.006370041,0.0048753857,0.004974495,0.0051354715,0.0049225693,0.00798886,0.004993393,0.017378805,0.015201388,0.0049849646,0.00492841,0.008339755,0.004865666,0.0049898596,0.033721395,0.005122238,0.004939592,0.0050571845,0.0053068376,0.004923584,0.026903613,0.005156758,0.0048704366,0.018016234,0.027146831,0.0050978935,0.004934876,0.008130183,0.032038648,0.0052139536,0.015502426,0.005001028,0.0049615824,0.0049211024,0.0064217313,0.004962314,0.0057710544,0.0050323196,0.012783295,0.004875298,0.005459621,0.004903194,0.005189686,0.0049297535
0.0044588624,0.0044572307,0.0044740657,0.00445811,0.0044780215,0.004464526,0.0055763205,0.0045589423,0.004473825,0.004454753,0.0044920063,0.004457339,0.0044621774,0.004455879,0.0044586407,0.0044587585,0.004454045,0.0044766273,0.004474681,0.0044539683,0.0044646263,0.004454218,0.0044964217,0.004491863,0.0052031963,0.03072838,0.004697756,0.0055032885,0.004469984,0.0044790423,0.029639482,0.004491331,0.004457423,0.004456612,0.0044541317,0.017004319,0.004489501,0.0050032525,0.023410302,0.0044797217,0.00446969,0.029112896,0.0044561136,0.030579453,0.008616289,0.010648636,0.0044596777,0.004671947,0.0044565974,0.006437927,0.0044673057,0.032143254,0.0048057674,0.0047337785,0.032053813,0.004456064,0.032799095,0.0045222673,0.004462195,0.004458774,0.004507689,0.032563783,0.004503487,0.004454072,0.004454164,0.0044583497,0.027683968,0.0044550854,0.0044652005,0.0044588693,0.0045307875,0.00445384,0.004454355,0.0044733775,0.004463871,0.004520518,0.0044545047,0.004485532,0.0046176394,0.0044576866,0.004688445,0.004462655,0.0061831977,0.027721824,0.0044687195,0.0044724755,0.028562961,0.004453892,0.0044676657,0.031388678,0.0044568875,0.0044721584,0.004467838,0.004536142,0.0044730217,0.031846534,0.0044690454,0.004453959,0.006829027,0.03242071,0.00453195,0.0044577704,0.00768001,0.03273139,0.004460521,0.01976958,0.0044885655,0.0044615017,0.0044560996,0.0049071577,0.0044600144,0.0045197397,0.004465389,0.005291442,0.004454062,0.0047293487,0.0044550337,0.004827981,0.0044546914
0.0043880926,0.0043831626,0.004385057,0.004385883,0.004421567,0.0043949075,0.005226688,0.0046828752,0.004406121,0.004381962,0.0044194055,0.004382353,0.0043885005,0.004383415,0.0043839584,0.004384251,0.0043814993,0.0043875375,0.004421177,0.0043812543,0.0043871896,0.004381453,0.0043928134,0.004413436,0.005170129,0.023726953,0.0045559607,0.004830394,0.0043848585,0.004386566,0.030746803,0.0044338293,0.0043881475,0.0043857032,0.0043819146,0.029949129,0.0043964535,0.004718414,0.019873027,0.0044004656,0.004404106,0.024808815,0.0043815407,0.02622491,0.008441467,0.025665876,0.004383402,0.0045387424,0.004382238,0.010907282,0.0043873326,0.031935852,0.004739215,0.0046643713,0.0305518,0.0043816953,0.032249406,0.004405279,0.0043840464,0.0043875244,0.0044921483,0.030969992,0.004417235,0.004381476,0.0043815146,0.0043859114,0.026317626,0.004381702,0.0043860343,0.0043848692,0.004576148,0.004381229,0.0043819826,0.004388826,0.0043838727,0.0045772474,0.004381586,0.004408748,0.004499573,0.004384477,0.006076032,0.004387304,0.01640936,0.023673108,0.004388302,0.0043871617,0.0132588195,0.0043812743,0.004385656,0.030609481,0.0043930807,0.004392016,0.00440018,0.004528463,0.0043907515,0.031791806,0.0043896157,0.0043812254,0.005293157,0.03185098,0.0043964214,0.0043843943,0.008620209,0.03232124,0.004386801,0.026175054,0.004418856,0.0043852497,0.00438281,0.007872531,0.004384354,0.0044013243,0.0043918286,0.005230219,0.0043813125,0.004503184,0.0043821456,0.0044719437,0.0043819137
0.0055779493,0.0054438617,0.0054467246,0.0053875474,0.006473362,0.0056870887,0.00603231,0.0055638393,0.005918432,0.005559628,0.0076183565,0.005363217,0.0057286853,0.005631207,0.005558016,0.005314391,0.0054431437,0.0056431307,0.0060451594,0.0052067474,0.005804781,0.005232366,0.0054623326,0.006692584,0.0064090593,0.016445737,0.014481846,0.0063090534,0.0053052325,0.0058989683,0.009724743,0.005592315,0.0054746587,0.005354691,0.0053770724,0.013195649,0.005660282,0.015220183,0.021900615,0.0061355657,0.005682083,0.012678863,0.0053342674,0.011520616,0.011006186,0.008583581,0.0053247754,0.0058859456,0.0053716656,0.007077968,0.005389453,0.030810354,0.027135603,0.011146011,0.0129280705,0.0053620394,0.035482857,0.0057895957,0.005413276,0.005607131,0.0056380597,0.021060672,0.0053351577,0.0052743433,0.0052121645,0.0055287476,0.010900189,0.0053426516,0.0055304063,0.00548672,0.005673695,0.005160787,0.00569302,0.005585615,0.0054187165,0.006442642,0.0052636727,0.00541226,0.0055775973,0.0054714438,0.007831724,0.005428459,0.015496976,0.0075590084,0.0053816997,0.0052862624,0.01036283,0.005200133,0.0053962544,0.035970394,0.0057242834,0.005338075,0.005662567,0.0074826307,0.005468402,0.016553128,0.0058430457,0.0051855533,0.02732058,0.020902934,0.005435427,0.0054018334,0.006825118,0.02466942,0.0059396056,0.009681791,0.005561846,0.005399529,0.005409075,0.0055917976,0.0054068984,0.008964866,0.005468023,0.022804676,0.0052097775,0.0057081897,0.0053260126,0.00565676,0.005284961
0.0053121694,0.005133411,0.0052653453,0.0053306296,0.005953572,0.0055791927,0.010652913,0.0053134626,0.0052613653,0.00525396,0.0065704025,0.0052666734,0.005455807,0.005158888,0.0050940015,0.005052634,0.004996669,0.0054436624,0.005386651,0.004974456,0.0052370513,0.0049772407,0.0054325564,0.0063685533,0.0061378884,0.018386388,0.009964829,0.010538279,0.005204368,0.0054089245,0.010392289,0.0051746485,0.0050995513,0.0050700847,0.0050189043,0.009597042,0.0052447724,0.014298791,0.01491066,0.0054580327,0.0052994452,0.0084822215,0.0050893775,0.021849347,0.008147926,0.01005897,0.005043973,0.006308498,0.0050741713,0.0060485434,0.0050949445,0.026890835,0.016817696,0.009201175,0.024618305,0.005089886,0.0331931,0.005343477,0.005064609,0.005422089,0.005582636,0.02847691,0.0052987463,0.004986832,0.0050130836,0.00509177,0.0169999,0.005013509,0.0052531115,0.005262147,0.0071638008,0.004967964,0.004994721,0.0056673693,0.0051347744,0.0051249815,0.0050108205,0.005429736,0.005487535,0.0051522274,0.0074842814,0.005074404,0.0064809904,0.014685397,0.005194414,0.005300665,0.026954422,0.0050279777,0.005536381,0.03518773,0.0050341347,0.005243721,0.0051630693,0.0061546783,0.0061167507,0.017721664,0.0052866517,0.0050094645,0.022300322,0.027085694,0.00517966,0.0051733674,0.006550549,0.031957354,0.0054231915,0.009969768,0.0053991005,0.005148912,0.005048913,0.005755202,0.005233579,0.00981082,0.005109364,0.015251499,0.0049953377,0.0061016916,0.0050260015,0.0061583365,0.0050366367
0.0041583264,0.004156227,0.004160424,0.0041658273,0.0041989516,0.0041545075,0.013997722,0.009300356,0.0042147767,0.004148265,0.0041686036,0.0041491548,0.0041502817,0.004154726,0.004151488,0.004152219,0.0041485694,0.0041570812,0.0041874005,0.004147796,0.0041635297,0.0041478868,0.0041757654,0.0041665034,0.0054483307,0.014556293,0.0042062975,0.0045380723,0.0041555613,0.0041556163,0.029928328,0.004539251,0.0041684425,0.0041506,0.004148217,0.030498005,0.0041819075,0.004532819,0.013435088,0.0041906587,0.0041895127,0.013350848,0.0041495715,0.028100396,0.010070596,0.030027406,0.0041589085,0.004303074,0.004152216,0.008905595,0.0041721975,0.029396303,0.00421669,0.0042539346,0.026147826,0.0041508204,0.03039722,0.0042487616,0.004152178,0.004182085,0.0042319335,0.025167903,0.0042171027,0.0041490304,0.0041482747,0.004170023,0.026019776,0.004148075,0.004182183,0.004151212,0.0050564073,0.004148139,0.004148831,0.0041542035,0.0041609346,0.005491878,0.0041487827,0.004232349,0.0042718393,0.004151856,0.021765085,0.004203891,0.020202423,0.02615799,0.004161162,0.00416512,0.0051679416,0.0041476307,0.0041613015,0.025447866,0.0042646634,0.0041727726,0.004388851,0.00446287,0.004170939,0.029530095,0.0041568335,0.004147391,0.004989479,0.030499443,0.0041703475,0.0041535054,0.022304932,0.030619755,0.0041526943,0.029637627,0.004192624,0.004151259,0.0041511063,0.028715959,0.0041582957,0.0041704443,0.004161341,0.0048792814,0.0041483534,0.0043941336,0.004149472,0.004190288,0.0041479855
0.0053462633,0.0054632565,0.005724159,0.0055155456,0.0055684736,0.0053768093,0.006527809,0.0062847445,0.0059010787,0.005741119,0.0066805556,0.00534589,0.006140567,0.005470341,0.005399692,0.0054762587,0.0053329533,0.005433347,0.005711818,0.005259763,0.005473004,0.0053470884,0.006230308,0.006382874,0.0061766687,0.012147358,0.016146852,0.0075638504,0.0055823405,0.005526739,0.011908615,0.005693294,0.0053544207,0.0053139753,0.005275907,0.016928114,0.0059108348,0.009677719,0.013030638,0.005997533,0.005655145,0.015954606,0.005336914,0.014576707,0.013495304,0.015995592,0.005537339,0.0062747956,0.005452563,0.005885106,0.0053244866,0.015336699,0.013522518,0.009284748,0.019941967,0.0053573297,0.0361526,0.005944905,0.00545769,0.0054439064,0.005624264,0.02511632,0.005416917,0.0052993237,0.0052793236,0.005376347,0.016832618,0.0054264255,0.005534471,0.005447086,0.0057953047,0.0052402713,0.005285246,0.005618708,0.005431479,0.0058353385,0.005294271,0.0061550243,0.005801244,0.005489908,0.0091988575,0.0054192706,0.011402406,0.01009586,0.00549886,0.005535262,0.011553071,0.0052465415,0.0061978004,0.036626667,0.0054041343,0.0053332266,0.005566472,0.0061538247,0.005388813,0.015448211,0.005514432,0.0052597416,0.024401741,0.029226882,0.0055744145,0.0053065764,0.009003231,0.026424931,0.005821034,0.009424344,0.005888977,0.0055467165,0.005346208,0.006767445,0.0053564217,0.008620817,0.0055302647,0.01966489,0.0052975887,0.0069068726,0.0052899146,0.0058273072,0.0053305943
0.005049813,0.0050550196,0.0052003744,0.005026664,0.0052041444,0.005106515,0.005299535,0.0052821864,0.0051577957,0.005112178,0.005488183,0.005033381,0.0052004093,0.0050768605,0.0050818636,0.0051098038,0.005047087,0.0052237674,0.005195525,0.005016508,0.005088202,0.005047205,0.0052228495,0.0053370376,0.006171446,0.021065129,0.010265484,0.005841076,0.005108166,0.005184878,0.015527914,0.005166561,0.0050537754,0.005032241,0.0050231894,0.010865539,0.0051929858,0.008787951,0.02318642,0.005210576,0.005110202,0.02033172,0.005056484,0.018153077,0.01116313,0.0071357433,0.0051703635,0.0054074484,0.005044011,0.006485952,0.0050519407,0.030837934,0.014967051,0.007627421,0.023235146,0.0050324793,0.036282282,0.0052160462,0.005055054,0.005123654,0.005116479,0.035304673,0.005103528,0.00502073,0.005015579,0.0050397026,0.015002778,0.005050913,0.00508475,0.0051175132,0.005140247,0.0050106803,0.0050390624,0.005139076,0.0050838916,0.0052963193,0.0050215907,0.00513526,0.005269672,0.0050721937,0.0058535575,0.0050814794,0.010446443,0.010905081,0.0050800373,0.005097898,0.018739369,0.0050160135,0.0051306044,0.03627228,0.005067563,0.005055799,0.005057281,0.005598626,0.0050940695,0.018095786,0.0052246233,0.005024432,0.028766736,0.027354496,0.0053258417,0.005037184,0.006144818,0.031282544,0.005261785,0.009369498,0.005204779,0.0051018633,0.0050642597,0.005159316,0.0050469595,0.006855923,0.0051518055,0.019784447,0.005021494,0.005792237,0.0050223595,0.005465546,0.005047087
0.005125209,0.005100589,0.0051774643,0.0050822273,0.0051763095,0.0051956004,0.005520716,0.0053011808,0.0051991884,0.00512183,0.0067923106,0.0051109158,0.0052591613,0.0051445025,0.0051321597,0.005088721,0.0050764116,0.005242043,0.0054049026,0.0050531863,0.0051376247,0.005069201,0.0053317263,0.005477604,0.005958466,0.020105485,0.009843578,0.0060625803,0.005170305,0.005168425,0.018361652,0.0052080844,0.0050968626,0.005079435,0.0050719753,0.009687974,0.005245085,0.010276329,0.0215635,0.005380037,0.0051650126,0.021195307,0.0050779874,0.016839562,0.009624725,0.008526115,0.0051107914,0.0055789915,0.0050904457,0.006714758,0.0050854282,0.030150015,0.014399149,0.008411652,0.022517914,0.0051000807,0.03656379,0.0053568888,0.0050838175,0.0051974794,0.005184713,0.03349018,0.005133211,0.005056992,0.0050528306,0.005091949,0.015105308,0.0050810357,0.0051635825,0.0051715835,0.005240401,0.005049017,0.005097731,0.0052719647,0.0051270947,0.005539813,0.005060647,0.005188582,0.0052845436,0.005141967,0.005744463,0.0051428983,0.0073592705,0.009683459,0.005121677,0.00511075,0.017918626,0.0050533884,0.0051738857,0.036016505,0.00510067,0.0050985925,0.005199619,0.00545967,0.0051349374,0.024938775,0.005279119,0.0050605047,0.027647763,0.031562805,0.005243527,0.0050748577,0.0059932237,0.031457044,0.005356236,0.007993031,0.005233232,0.0051097833,0.0050836243,0.0052156616,0.005097203,0.0060571553,0.0051587354,0.014552692,0.0050691767,0.005722823,0.005062938,0.005718548,0.0050694565
0.0044504516,0.0044392482,0.0044567906,0.0044372366,0.004469544,0.004450046,0.0073573967,0.0052710646,0.0044931765,0.004434028,0.004591217,0.0044401623,0.004445242,0.0044485037,0.0044465745,0.0044428133,0.0044334373,0.004462759,0.0045523946,0.0044331863,0.0044834986,0.0044349497,0.0045377184,0.004474899,0.006860171,0.021948973,0.0049441573,0.0050280476,0.0044546067,0.004444541,0.03167792,0.004867733,0.0044530695,0.0044457987,0.0044334307,0.028961169,0.004477201,0.005109003,0.016339805,0.0044705737,0.004484638,0.026132265,0.0044384133,0.028514368,0.008202124,0.022133684,0.0044494215,0.0047007045,0.0044404557,0.012656751,0.004481668,0.031825975,0.0046915323,0.0047659157,0.027255962,0.0044347425,0.032195095,0.004521437,0.004439679,0.0044770213,0.004475188,0.030246124,0.0045801057,0.004432635,0.004433448,0.0044572544,0.022190452,0.0044353306,0.0044924775,0.0044480837,0.0046905037,0.0044323388,0.004435092,0.0044535096,0.004466297,0.0054428563,0.0044346065,0.00448255,0.004606424,0.0044405987,0.006882006,0.0044644433,0.009374597,0.027641702,0.0044590505,0.004466063,0.00871228,0.004432257,0.0044518653,0.031769693,0.0045047556,0.0044651018,0.0045881257,0.005095471,0.004460464,0.031736415,0.0044529424,0.004431627,0.008779134,0.032110464,0.0044893664,0.004439335,0.00849501,0.03266524,0.0044620773,0.024622304,0.0045295814,0.004442206,0.0044348272,0.008528976,0.0044509405,0.004471066,0.004463191,0.006516371,0.0044327043,0.0046825544,0.004436203,0.0046045966,0.004434738
0.004600776,0.0046019014,0.004601977,0.0046001077,0.0046481895,0.004601993,0.004739251,0.0047336915,0.004625006,0.004599229,0.0046675806,0.0046034865,0.00465051,0.004604765,0.0046037743,0.0046025673,0.0045980355,0.004618378,0.0046335333,0.004594213,0.004610061,0.004595326,0.0046388423,0.0046387063,0.0063840416,0.017680367,0.0062405043,0.0047196494,0.0046038893,0.0046072886,0.031689256,0.0046851384,0.00459948,0.004601108,0.004596734,0.018105865,0.0046770577,0.0064551006,0.023316924,0.0046634115,0.004636626,0.026119033,0.0045962404,0.016398381,0.008611659,0.013506811,0.004608236,0.0049922583,0.0046005365,0.009619216,0.0046030036,0.032082923,0.0054826266,0.0052796495,0.02581088,0.004605152,0.03382838,0.004722282,0.0045993254,0.0046143346,0.004733222,0.032771528,0.0046318173,0.004594266,0.0045944275,0.004598273,0.029284121,0.0045959395,0.0046143564,0.0046046507,0.004665922,0.004593934,0.0045983344,0.0046249256,0.0046109925,0.004924462,0.004594453,0.0046601556,0.0047090957,0.0046098125,0.005052933,0.0046347277,0.022291886,0.02411323,0.0046027186,0.004610213,0.011315186,0.004594282,0.004609839,0.03257441,0.004618027,0.004605006,0.004642046,0.004640187,0.0046043373,0.0319269,0.0046114055,0.0045945686,0.011604616,0.032247636,0.004764182,0.0046002967,0.008865232,0.033477005,0.0046095415,0.021915043,0.0046394407,0.0046039796,0.0045983167,0.0050847833,0.004613917,0.0046514887,0.004614483,0.006917796,0.0045961444,0.0052336915,0.004596096,0.0049592634,0.0045951568
0.0041183108,0.0041183513,0.004118728,0.004118197,0.004125047,0.004117936,0.0068242904,0.005658526,0.004124031,0.004117713,0.004124322,0.0041178386,0.0041180477,0.004117866,0.004119549,0.0041180295,0.004117723,0.0041191205,0.0041349786,0.0041176695,0.004119848,0.0041176723,0.004121972,0.004120405,0.0052026757,0.011308119,0.0041572656,0.0041906633,0.0041182158,0.0041180877,0.03022676,0.004238401,0.004120223,0.0041181794,0.004117678,0.030358728,0.0041238433,0.0042096563,0.017395297,0.0041265865,0.0041216174,0.017191386,0.0041177315,0.027051382,0.010498384,0.030075066,0.004118191,0.0041412786,0.004118288,0.006330124,0.004119015,0.029914647,0.004153811,0.0041651092,0.02795671,0.0041178386,0.030392054,0.00413962,0.0041181715,0.004119832,0.004129614,0.02718925,0.0041223746,0.004117691,0.004117672,0.004119308,0.027068354,0.004117781,0.004120534,0.004117804,0.004386336,0.004117653,0.004117758,0.0041180123,0.0041191583,0.004686008,0.0041176914,0.0041360813,0.0041333945,0.0041178768,0.02533491,0.0041209147,0.01805602,0.026912771,0.004118467,0.0041200314,0.004506691,0.0041176416,0.0041191382,0.029918842,0.004138079,0.004119563,0.004177428,0.0042620986,0.0041194833,0.030120052,0.004119148,0.0041176383,0.004850511,0.030377846,0.0041182674,0.004117944,0.027529081,0.030421516,0.0041190353,0.030089427,0.004122093,0.0041177515,0.0041178204,0.02809427,0.00411886,0.004126431,0.0041190074,0.004952615,0.00411766,0.004136633,0.0041177515,0.004131692,0.004117667
0.004817907,0.0048179673,0.0048291567,0.004817757,0.004869238,0.0048314044,0.0051876237,0.0049868273,0.00485039,0.0048199818,0.0051709455,0.0048156613,0.004826419,0.0048183645,0.0048144343,0.0048310906,0.0048111863,0.004862254,0.0048690517,0.0048082164,0.0048417808,0.0048092543,0.0049017384,0.0050122435,0.0052223713,0.02303738,0.0056637875,0.0068499567,0.0048348308,0.0048313434,0.029483082,0.004846171,0.0048125936,0.0048166323,0.0048091123,0.008293572,0.0048612193,0.0059852293,0.015342091,0.004932463,0.00484903,0.029140778,0.004809202,0.030278662,0.006347837,0.012872137,0.004819743,0.00507315,0.004812855,0.00597915,0.004830687,0.033045456,0.0084066475,0.0057864315,0.030789087,0.0048109344,0.035259858,0.004852663,0.004816443,0.0048270263,0.004947698,0.033438817,0.004829452,0.0048086043,0.004809374,0.0048166406,0.019800665,0.004810724,0.0048237178,0.0048146546,0.005232023,0.0048080403,0.004808783,0.00484691,0.0048247944,0.004936048,0.0048103994,0.004854466,0.0049235816,0.0048133484,0.00518003,0.004828956,0.005472159,0.021104459,0.0048196735,0.004852051,0.027789004,0.004808267,0.004830314,0.034485567,0.0048143067,0.0048413156,0.00483681,0.0049720374,0.004852171,0.02723665,0.0048290603,0.0048093097,0.013033132,0.032378808,0.0048557683,0.004812816,0.0064682416,0.034700483,0.004832248,0.009268556,0.004924094,0.004821197,0.0048116054,0.0048848004,0.004815285,0.0051081814,0.004822208,0.008604845,0.004808951,0.005171251,0.004809198,0.0050867763,0.0048101433
0.004562366,0.0045656306,0.0045777573,0.004566143,0.0046014045,0.004571474,0.0053130994,0.0047762413,0.0045981533,0.004562073,0.0046533686,0.004566182,0.0045643286,0.0045648105,0.0045630843,0.0045705703,0.0045599537,0.0045770663,0.0045997826,0.0045591155,0.0045683775,0.004559653,0.004598945,0.004631731,0.0050606956,0.026140587,0.004801517,0.005348957,0.004576523,0.004577385,0.031202918,0.0045986874,0.0045621297,0.004561493,0.0045593837,0.015049089,0.004595785,0.0049486198,0.017501963,0.004600988,0.0045937537,0.028891712,0.0045598047,0.030862857,0.007650856,0.018642746,0.004564906,0.004713644,0.004564962,0.0062954426,0.004590352,0.031952105,0.0053681075,0.0050018807,0.03216904,0.004561653,0.03351831,0.00464052,0.004565518,0.00456682,0.0047038333,0.03201216,0.0045852377,0.0045592566,0.0045594284,0.0045675053,0.026886908,0.0045603104,0.0045688706,0.0045622652,0.0048456145,0.0045590433,0.0045604114,0.004575036,0.00456791,0.004765548,0.0045606685,0.0045894077,0.0047470876,0.004563176,0.0050541484,0.004578935,0.006162021,0.023314338,0.0045669493,0.0045923577,0.023298325,0.004559045,0.004571223,0.031605966,0.0045668134,0.0045746625,0.004586402,0.004685558,0.004585607,0.031884644,0.0045700963,0.0045598308,0.0063715014,0.032121275,0.00461195,0.004561452,0.0106671825,0.033516318,0.0045699677,0.020009248,0.0045998613,0.004565612,0.0045606988,0.005064406,0.004563834,0.0046298015,0.004575884,0.005585745,0.0045597493,0.0048173703,0.004559999,0.0049182847,0.0045601428
0.0048007932,0.0048148204,0.004820032,0.004816025,0.004852404,0.0048142397,0.0052265353,0.0049655964,0.004855039,0.00481733,0.005097951,0.0048063537,0.0048505403,0.0048072003,0.004807743,0.0048108096,0.0047968053,0.0048171156,0.004928017,0.00479401,0.0048158476,0.0047960756,0.0049039987,0.004940785,0.0050806487,0.021217586,0.0061325403,0.0059250416,0.0048209736,0.0048293085,0.024757141,0.0048300494,0.004799229,0.0048001367,0.0047947345,0.012335748,0.004844868,0.0055193584,0.021519521,0.004884354,0.004848947,0.023715088,0.004795994,0.027654564,0.009895391,0.018272744,0.0048074033,0.004949654,0.0048021637,0.0059974757,0.004804472,0.032202695,0.007397577,0.0058205626,0.03129088,0.004800926,0.035255834,0.0048723263,0.0048053134,0.0048155673,0.00490864,0.03373416,0.0048045428,0.0047945925,0.0047944635,0.004804158,0.020464009,0.0048011346,0.0048125684,0.004807318,0.005032305,0.004793571,0.0047972854,0.004845062,0.004818831,0.004949997,0.004795018,0.0048908885,0.0049100826,0.004810241,0.0052513927,0.0048237653,0.006626704,0.016973415,0.004809751,0.004844386,0.022179686,0.0047940062,0.0048357965,0.03420118,0.0048075444,0.0048083086,0.004820298,0.004930399,0.0048283823,0.027539175,0.004816304,0.004794751,0.014192898,0.03376387,0.0048691644,0.0047986913,0.0064062616,0.034429796,0.004832307,0.00965853,0.004868478,0.0048167803,0.004799622,0.0049707317,0.0048069833,0.0053960597,0.004816356,0.012188231,0.0047945334,0.0052101444,0.0047951806,0.0050824676,0.0047959224
0.004242292,0.0042430386,0.0042452286,0.004242969,0.0042598965,0.0042423788,0.005876365,0.004720391,0.004251479,0.004241738,0.0042609586,0.004242141,0.0042428477,0.0042418404,0.004242973,0.0042423964,0.0042416654,0.004243661,0.0042628455,0.004241581,0.004243481,0.0042415815,0.004246035,0.0042551956,0.004662874,0.017228274,0.0043097273,0.004463517,0.0042434195,0.0042422684,0.030871367,0.004279719,0.004242193,0.0042421063,0.004241555,0.029899767,0.0042533316,0.0044357823,0.017759716,0.004248673,0.0042492384,0.02092504,0.004241592,0.02920861,0.00924396,0.030193925,0.0042426847,0.0042931647,0.0042423964,0.005043746,0.004243629,0.029920906,0.004308873,0.004306171,0.029689485,0.004241762,0.031303935,0.004268023,0.0042430763,0.0042438004,0.0042625493,0.028266178,0.004250309,0.0042416076,0.0042415773,0.004243419,0.027341528,0.0042418386,0.0042471956,0.004241883,0.0044622244,0.0042415713,0.0042415736,0.0042424253,0.0042437077,0.0044064643,0.0042416183,0.0042853,0.0042652492,0.0042424668,0.013407224,0.0042475415,0.010406336,0.024844436,0.0042449217,0.0042497925,0.006403123,0.00424153,0.004245174,0.030793421,0.0042473716,0.0042435126,0.004308326,0.0043842066,0.0042465334,0.030372495,0.004244147,0.004241537,0.0049458113,0.031261787,0.004244495,0.004241964,0.02647808,0.031327434,0.004243565,0.029521903,0.004248893,0.004242177,0.0042417594,0.023118457,0.0042427145,0.004274098,0.00424645,0.0056819594,0.0042415834,0.0042915544,0.004241638,0.00430651,0.0042415927
